hn_id,timepoint,component,stage,filename,url,selected_for_frozen_pair_set
HN01,post,barcodes,metadata,GSE288199_HN01_post_T_barcodes.tsv.gz,https://ftp.ncbi.nlm.nih.gov/geo/series/GSE288nnn/GSE288199/suppl/GSE288199_HN01_post_T_barcodes.tsv.gz,True
HN01,post,features,metadata,GSE288199_HN01_post_T_features.tsv.gz,https://ftp.ncbi.nlm.nih.gov/geo/series/GSE288nnn/GSE288199/suppl/GSE288199_HN01_post_T_features.tsv.gz,True
HN01,post,matrix,matrix,GSE288199_HN01_post_T_matrix.mtx.gz,https://ftp.ncbi.nlm.nih.gov/geo/series/GSE288nnn/GSE288199/suppl/GSE288199_HN01_post_T_matrix.mtx.gz,True
HN01,pre,barcodes,metadata,GSE288199_HN01_pre_T_barcodes.tsv.gz,https://ftp.ncbi.nlm.nih.gov/geo/series/GSE288nnn/GSE288199/suppl/GSE288199_HN01_pre_T_barcodes.tsv.gz,True
HN01,pre,features,metadata,GSE288199_HN01_pre_T_features.tsv.gz,https://ftp.ncbi.nlm.nih.gov/geo/series/GSE288nnn/GSE288199/suppl/GSE288199_HN01_pre_T_features.tsv.gz,True
HN01,pre,matrix,matrix,GSE288199_HN01_pre_T_matrix.mtx.gz,https://ftp.ncbi.nlm.nih.gov/geo/series/GSE288nnn/GSE288199/suppl/GSE288199_HN01_pre_T_matrix.mtx.gz,True
HN02,post,barcodes,metadata,GSE288199_HN02_post_T_barcodes.tsv.gz,https://ftp.ncbi.nlm.nih.gov/geo/series/GSE288nnn/GSE288199/suppl/GSE288199_HN02_post_T_barcodes.tsv.gz,True
HN02,post,features,metadata,GSE288199_HN02_post_T_features.tsv.gz,https://ftp.ncbi.nlm.nih.gov/geo/series/GSE288nnn/GSE288199/suppl/GSE288199_HN02_post_T_features.tsv.gz,True
HN02,post,matrix,matrix,GSE288199_HN02_post_T_matrix.mtx.gz,https://ftp.ncbi.nlm.nih.gov/geo/series/GSE288nnn/GSE288199/suppl/GSE288199_HN02_post_T_matrix.mtx.gz,True
HN02,pre,barcodes,metadata,GSE288199_HN02_pre_T_barcodes.tsv.gz,https://ftp.ncbi.nlm.nih.gov/geo/series/GSE288nnn/GSE288199/suppl/GSE288199_HN02_pre_T_barcodes.tsv.gz,True
HN02,pre,features,metadata,GSE288199_HN02_pre_T_features.tsv.gz,https://ftp.ncbi.nlm.nih.gov/geo/series/GSE288nnn/GSE288199/suppl/GSE288199_HN02_pre_T_features.tsv.gz,True
HN02,pre,matrix,matrix,GSE288199_HN02_pre_T_matrix.mtx.gz,https://ftp.ncbi.nlm.nih.gov/geo/series/GSE288nnn/GSE288199/suppl/GSE288199_HN02_pre_T_matrix.mtx.gz,True
HN03,post,barcodes,metadata,GSE288199_HN03_post_T_barcodes.tsv.gz,https://ftp.ncbi.nlm.nih.gov/geo/series/GSE288nnn/GSE288199/suppl/GSE288199_HN03_post_T_barcodes.tsv.gz,True
HN03,post,features,metadata,GSE288199_HN03_post_T_features.tsv.gz,https://ftp.ncbi.nlm.nih.gov/geo/series/GSE288nnn/GSE288199/suppl/GSE288199_HN03_post_T_features.tsv.gz,True
HN03,post,matrix,matrix,GSE288199_HN03_post_T_matrix.mtx.gz,https://ftp.ncbi.nlm.nih.gov/geo/series/GSE288nnn/GSE288199/suppl/GSE288199_HN03_post_T_matrix.mtx.gz,True
HN03,pre,barcodes,metadata,GSE288199_HN03_pre_T_barcodes.tsv.gz,https://ftp.ncbi.nlm.nih.gov/geo/series/GSE288nnn/GSE288199/suppl/GSE288199_HN03_pre_T_barcodes.tsv.gz,True
HN03,pre,features,metadata,GSE288199_HN03_pre_T_features.tsv.gz,https://ftp.ncbi.nlm.nih.gov/geo/series/GSE288nnn/GSE288199/suppl/GSE288199_HN03_pre_T_features.tsv.gz,True
HN03,pre,matrix,matrix,GSE288199_HN03_pre_T_matrix.mtx.gz,https://ftp.ncbi.nlm.nih.gov/geo/series/GSE288nnn/GSE288199/suppl/GSE288199_HN03_pre_T_matrix.mtx.gz,True
HN04,post,barcodes,metadata,GSE288199_HN04_post_T_barcodes.tsv.gz,https://ftp.ncbi.nlm.nih.gov/geo/series/GSE288nnn/GSE288199/suppl/GSE288199_HN04_post_T_barcodes.tsv.gz,True
HN04,post,features,metadata,GSE288199_HN04_post_T_features.tsv.gz,https://ftp.ncbi.nlm.nih.gov/geo/series/GSE288nnn/GSE288199/suppl/GSE288199_HN04_post_T_features.tsv.gz,True
HN04,post,matrix,matrix,GSE288199_HN04_post_T_matrix.mtx.gz,https://ftp.ncbi.nlm.nih.gov/geo/series/GSE288nnn/GSE288199/suppl/GSE288199_HN04_post_T_matrix.mtx.gz,True
HN04,pre,barcodes,metadata,GSE288199_HN04_pre_T_barcodes.tsv.gz,https://ftp.ncbi.nlm.nih.gov/geo/series/GSE288nnn/GSE288199/suppl/GSE288199_HN04_pre_T_barcodes.tsv.gz,True
HN04,pre,features,metadata,GSE288199_HN04_pre_T_features.tsv.gz,https://ftp.ncbi.nlm.nih.gov/geo/series/GSE288nnn/GSE288199/suppl/GSE288199_HN04_pre_T_features.tsv.gz,True
HN04,pre,matrix,matrix,GSE288199_HN04_pre_T_matrix.mtx.gz,https://ftp.ncbi.nlm.nih.gov/geo/series/GSE288nnn/GSE288199/suppl/GSE288199_HN04_pre_T_matrix.mtx.gz,True
HN05,post,barcodes,metadata,GSE288199_HN05_post_T_barcodes.tsv.gz,https://ftp.ncbi.nlm.nih.gov/geo/series/GSE288nnn/GSE288199/suppl/GSE288199_HN05_post_T_barcodes.tsv.gz,True
HN05,post,features,metadata,GSE288199_HN05_post_T_features.tsv.gz,https://ftp.ncbi.nlm.nih.gov/geo/series/GSE288nnn/GSE288199/suppl/GSE288199_HN05_post_T_features.tsv.gz,True
HN05,post,matrix,matrix,GSE288199_HN05_post_T_matrix.mtx.gz,https://ftp.ncbi.nlm.nih.gov/geo/series/GSE288nnn/GSE288199/suppl/GSE288199_HN05_post_T_matrix.mtx.gz,True
HN05,pre,barcodes,metadata,GSE288199_HN05_pre_T_barcodes.tsv.gz,https://ftp.ncbi.nlm.nih.gov/geo/series/GSE288nnn/GSE288199/suppl/GSE288199_HN05_pre_T_barcodes.tsv.gz,True
HN05,pre,features,metadata,GSE288199_HN05_pre_T_features.tsv.gz,https://ftp.ncbi.nlm.nih.gov/geo/series/GSE288nnn/GSE288199/suppl/GSE288199_HN05_pre_T_features.tsv.gz,True
HN05,pre,matrix,matrix,GSE288199_HN05_pre_T_matrix.mtx.gz,https://ftp.ncbi.nlm.nih.gov/geo/series/GSE288nnn/GSE288199/suppl/GSE288199_HN05_pre_T_matrix.mtx.gz,True
HN09,post,barcodes,metadata,GSE288199_HN09_post_T_barcodes.tsv.gz,https://ftp.ncbi.nlm.nih.gov/geo/series/GSE288nnn/GSE288199/suppl/GSE288199_HN09_post_T_barcodes.tsv.gz,True
HN09,post,features,metadata,GSE288199_HN09_post_T_features.tsv.gz,https://ftp.ncbi.nlm.nih.gov/geo/series/GSE288nnn/GSE288199/suppl/GSE288199_HN09_post_T_features.tsv.gz,True
HN09,post,matrix,matrix,GSE288199_HN09_post_T_matrix.mtx.gz,https://ftp.ncbi.nlm.nih.gov/geo/series/GSE288nnn/GSE288199/suppl/GSE288199_HN09_post_T_matrix.mtx.gz,True
HN09,pre,barcodes,metadata,GSE288199_HN09_pre_T_barcodes.tsv.gz,https://ftp.ncbi.nlm.nih.gov/geo/series/GSE288nnn/GSE288199/suppl/GSE288199_HN09_pre_T_barcodes.tsv.gz,True
HN09,pre,features,metadata,GSE288199_HN09_pre_T_features.tsv.gz,https://ftp.ncbi.nlm.nih.gov/geo/series/GSE288nnn/GSE288199/suppl/GSE288199_HN09_pre_T_features.tsv.gz,True
HN09,pre,matrix,matrix,GSE288199_HN09_pre_T_matrix.mtx.gz,https://ftp.ncbi.nlm.nih.gov/geo/series/GSE288nnn/GSE288199/suppl/GSE288199_HN09_pre_T_matrix.mtx.gz,True
HN10,post,barcodes,metadata,GSE288199_HN10_post_T_barcodes.tsv.gz,https://ftp.ncbi.nlm.nih.gov/geo/series/GSE288nnn/GSE288199/suppl/GSE288199_HN10_post_T_barcodes.tsv.gz,True
HN10,post,features,metadata,GSE288199_HN10_post_T_features.tsv.gz,https://ftp.ncbi.nlm.nih.gov/geo/series/GSE288nnn/GSE288199/suppl/GSE288199_HN10_post_T_features.tsv.gz,True
HN10,post,matrix,matrix,GSE288199_HN10_post_T_matrix.mtx.gz,https://ftp.ncbi.nlm.nih.gov/geo/series/GSE288nnn/GSE288199/suppl/GSE288199_HN10_post_T_matrix.mtx.gz,True
HN10,pre,barcodes,metadata,GSE288199_HN10_pre_T_barcodes.tsv.gz,https://ftp.ncbi.nlm.nih.gov/geo/series/GSE288nnn/GSE288199/suppl/GSE288199_HN10_pre_T_barcodes.tsv.gz,True
HN10,pre,features,metadata,GSE288199_HN10_pre_T_features.tsv.gz,https://ftp.ncbi.nlm.nih.gov/geo/series/GSE288nnn/GSE288199/suppl/GSE288199_HN10_pre_T_features.tsv.gz,True
HN10,pre,matrix,matrix,GSE288199_HN10_pre_T_matrix.mtx.gz,https://ftp.ncbi.nlm.nih.gov/geo/series/GSE288nnn/GSE288199/suppl/GSE288199_HN10_pre_T_matrix.mtx.gz,True
HN11,post,barcodes,metadata,GSE288199_HN11_post_T_barcodes.tsv.gz,https://ftp.ncbi.nlm.nih.gov/geo/series/GSE288nnn/GSE288199/suppl/GSE288199_HN11_post_T_barcodes.tsv.gz,True
HN11,post,features,metadata,GSE288199_HN11_post_T_features.tsv.gz,https://ftp.ncbi.nlm.nih.gov/geo/series/GSE288nnn/GSE288199/suppl/GSE288199_HN11_post_T_features.tsv.gz,True
HN11,post,matrix,matrix,GSE288199_HN11_post_T_matrix.mtx.gz,https://ftp.ncbi.nlm.nih.gov/geo/series/GSE288nnn/GSE288199/suppl/GSE288199_HN11_post_T_matrix.mtx.gz,True
HN11,pre,barcodes,metadata,GSE288199_HN11_pre_T_barcodes.tsv.gz,https://ftp.ncbi.nlm.nih.gov/geo/series/GSE288nnn/GSE288199/suppl/GSE288199_HN11_pre_T_barcodes.tsv.gz,True
HN11,pre,features,metadata,GSE288199_HN11_pre_T_features.tsv.gz,https://ftp.ncbi.nlm.nih.gov/geo/series/GSE288nnn/GSE288199/suppl/GSE288199_HN11_pre_T_features.tsv.gz,True
HN11,pre,matrix,matrix,GSE288199_HN11_pre_T_matrix.mtx.gz,https://ftp.ncbi.nlm.nih.gov/geo/series/GSE288nnn/GSE288199/suppl/GSE288199_HN11_pre_T_matrix.mtx.gz,True
HN12,post,barcodes,metadata,GSE288199_HN12_post_T_barcodes.tsv.gz,https://ftp.ncbi.nlm.nih.gov/geo/series/GSE288nnn/GSE288199/suppl/GSE288199_HN12_post_T_barcodes.tsv.gz,True
HN12,post,features,metadata,GSE288199_HN12_post_T_features.tsv.gz,https://ftp.ncbi.nlm.nih.gov/geo/series/GSE288nnn/GSE288199/suppl/GSE288199_HN12_post_T_features.tsv.gz,True
HN12,post,matrix,matrix,GSE288199_HN12_post_T_matrix.mtx.gz,https://ftp.ncbi.nlm.nih.gov/geo/series/GSE288nnn/GSE288199/suppl/GSE288199_HN12_post_T_matrix.mtx.gz,True
HN12,pre,barcodes,metadata,GSE288199_HN12_pre_T_barcodes.tsv.gz,https://ftp.ncbi.nlm.nih.gov/geo/series/GSE288nnn/GSE288199/suppl/GSE288199_HN12_pre_T_barcodes.tsv.gz,True
HN12,pre,features,metadata,GSE288199_HN12_pre_T_features.tsv.gz,https://ftp.ncbi.nlm.nih.gov/geo/series/GSE288nnn/GSE288199/suppl/GSE288199_HN12_pre_T_features.tsv.gz,True
HN12,pre,matrix,matrix,GSE288199_HN12_pre_T_matrix.mtx.gz,https://ftp.ncbi.nlm.nih.gov/geo/series/GSE288nnn/GSE288199/suppl/GSE288199_HN12_pre_T_matrix.mtx.gz,True
HN14,post,barcodes,metadata,GSE288199_HN14_post_T_barcodes.tsv.gz,https://ftp.ncbi.nlm.nih.gov/geo/series/GSE288nnn/GSE288199/suppl/GSE288199_HN14_post_T_barcodes.tsv.gz,True
HN14,post,features,metadata,GSE288199_HN14_post_T_features.tsv.gz,https://ftp.ncbi.nlm.nih.gov/geo/series/GSE288nnn/GSE288199/suppl/GSE288199_HN14_post_T_features.tsv.gz,True
HN14,post,matrix,matrix,GSE288199_HN14_post_T_matrix.mtx.gz,https://ftp.ncbi.nlm.nih.gov/geo/series/GSE288nnn/GSE288199/suppl/GSE288199_HN14_post_T_matrix.mtx.gz,True
HN14,pre,barcodes,metadata,GSE288199_HN14_pre_T_barcodes.tsv.gz,https://ftp.ncbi.nlm.nih.gov/geo/series/GSE288nnn/GSE288199/suppl/GSE288199_HN14_pre_T_barcodes.tsv.gz,True
HN14,pre,features,metadata,GSE288199_HN14_pre_T_features.tsv.gz,https://ftp.ncbi.nlm.nih.gov/geo/series/GSE288nnn/GSE288199/suppl/GSE288199_HN14_pre_T_features.tsv.gz,True
HN14,pre,matrix,matrix,GSE288199_HN14_pre_T_matrix.mtx.gz,https://ftp.ncbi.nlm.nih.gov/geo/series/GSE288nnn/GSE288199/suppl/GSE288199_HN14_pre_T_matrix.mtx.gz,True
HN16,post,barcodes,metadata,GSE288199_HN16_post_T_barcodes.tsv.gz,https://ftp.ncbi.nlm.nih.gov/geo/series/GSE288nnn/GSE288199/suppl/GSE288199_HN16_post_T_barcodes.tsv.gz,True
HN16,post,features,metadata,GSE288199_HN16_post_T_features.tsv.gz,https://ftp.ncbi.nlm.nih.gov/geo/series/GSE288nnn/GSE288199/suppl/GSE288199_HN16_post_T_features.tsv.gz,True
HN16,post,matrix,matrix,GSE288199_HN16_post_T_matrix.mtx.gz,https://ftp.ncbi.nlm.nih.gov/geo/series/GSE288nnn/GSE288199/suppl/GSE288199_HN16_post_T_matrix.mtx.gz,True
HN16,pre,barcodes,metadata,GSE288199_HN16_pre_T_barcodes.tsv.gz,https://ftp.ncbi.nlm.nih.gov/geo/series/GSE288nnn/GSE288199/suppl/GSE288199_HN16_pre_T_barcodes.tsv.gz,True
HN16,pre,features,metadata,GSE288199_HN16_pre_T_features.tsv.gz,https://ftp.ncbi.nlm.nih.gov/geo/series/GSE288nnn/GSE288199/suppl/GSE288199_HN16_pre_T_features.tsv.gz,True
HN16,pre,matrix,matrix,GSE288199_HN16_pre_T_matrix.mtx.gz,https://ftp.ncbi.nlm.nih.gov/geo/series/GSE288nnn/GSE288199/suppl/GSE288199_HN16_pre_T_matrix.mtx.gz,True
HN19,post,barcodes,metadata,GSE288199_HN19_post_T_barcodes.tsv.gz,https://ftp.ncbi.nlm.nih.gov/geo/series/GSE288nnn/GSE288199/suppl/GSE288199_HN19_post_T_barcodes.tsv.gz,True
HN19,post,features,metadata,GSE288199_HN19_post_T_features.tsv.gz,https://ftp.ncbi.nlm.nih.gov/geo/series/GSE288nnn/GSE288199/suppl/GSE288199_HN19_post_T_features.tsv.gz,True
HN19,post,matrix,matrix,GSE288199_HN19_post_T_matrix.mtx.gz,https://ftp.ncbi.nlm.nih.gov/geo/series/GSE288nnn/GSE288199/suppl/GSE288199_HN19_post_T_matrix.mtx.gz,True
HN19,pre,barcodes,metadata,GSE288199_HN19_pre_T_barcodes.tsv.gz,https://ftp.ncbi.nlm.nih.gov/geo/series/GSE288nnn/GSE288199/suppl/GSE288199_HN19_pre_T_barcodes.tsv.gz,True
HN19,pre,features,metadata,GSE288199_HN19_pre_T_features.tsv.gz,https://ftp.ncbi.nlm.nih.gov/geo/series/GSE288nnn/GSE288199/suppl/GSE288199_HN19_pre_T_features.tsv.gz,True
HN19,pre,matrix,matrix,GSE288199_HN19_pre_T_matrix.mtx.gz,https://ftp.ncbi.nlm.nih.gov/geo/series/GSE288nnn/GSE288199/suppl/GSE288199_HN19_pre_T_matrix.mtx.gz,True
HN20,post,barcodes,metadata,GSE288199_HN20_post_T_barcodes.tsv.gz,https://ftp.ncbi.nlm.nih.gov/geo/series/GSE288nnn/GSE288199/suppl/GSE288199_HN20_post_T_barcodes.tsv.gz,True
HN20,post,features,metadata,GSE288199_HN20_post_T_features.tsv.gz,https://ftp.ncbi.nlm.nih.gov/geo/series/GSE288nnn/GSE288199/suppl/GSE288199_HN20_post_T_features.tsv.gz,True
HN20,post,matrix,matrix,GSE288199_HN20_post_T_matrix.mtx.gz,https://ftp.ncbi.nlm.nih.gov/geo/series/GSE288nnn/GSE288199/suppl/GSE288199_HN20_post_T_matrix.mtx.gz,True
HN20,pre,barcodes,metadata,GSE288199_HN20_pre_T_barcodes.tsv.gz,https://ftp.ncbi.nlm.nih.gov/geo/series/GSE288nnn/GSE288199/suppl/GSE288199_HN20_pre_T_barcodes.tsv.gz,True
HN20,pre,features,metadata,GSE288199_HN20_pre_T_features.tsv.gz,https://ftp.ncbi.nlm.nih.gov/geo/series/GSE288nnn/GSE288199/suppl/GSE288199_HN20_pre_T_features.tsv.gz,True
HN20,pre,matrix,matrix,GSE288199_HN20_pre_T_matrix.mtx.gz,https://ftp.ncbi.nlm.nih.gov/geo/series/GSE288nnn/GSE288199/suppl/GSE288199_HN20_pre_T_matrix.mtx.gz,True
HN21,post,barcodes,metadata,GSE288199_HN21_post_T_barcodes.tsv.gz,https://ftp.ncbi.nlm.nih.gov/geo/series/GSE288nnn/GSE288199/suppl/GSE288199_HN21_post_T_barcodes.tsv.gz,True
HN21,post,features,metadata,GSE288199_HN21_post_T_features.tsv.gz,https://ftp.ncbi.nlm.nih.gov/geo/series/GSE288nnn/GSE288199/suppl/GSE288199_HN21_post_T_features.tsv.gz,True
HN21,post,matrix,matrix,GSE288199_HN21_post_T_matrix.mtx.gz,https://ftp.ncbi.nlm.nih.gov/geo/series/GSE288nnn/GSE288199/suppl/GSE288199_HN21_post_T_matrix.mtx.gz,True
HN21,pre,barcodes,metadata,GSE288199_HN21_pre_T_barcodes.tsv.gz,https://ftp.ncbi.nlm.nih.gov/geo/series/GSE288nnn/GSE288199/suppl/GSE288199_HN21_pre_T_barcodes.tsv.gz,True
HN21,pre,features,metadata,GSE288199_HN21_pre_T_features.tsv.gz,https://ftp.ncbi.nlm.nih.gov/geo/series/GSE288nnn/GSE288199/suppl/GSE288199_HN21_pre_T_features.tsv.gz,True
HN21,pre,matrix,matrix,GSE288199_HN21_pre_T_matrix.mtx.gz,https://ftp.ncbi.nlm.nih.gov/geo/series/GSE288nnn/GSE288199/suppl/GSE288199_HN21_pre_T_matrix.mtx.gz,True
HN22,post,barcodes,metadata,GSE288199_HN22_post_T_barcodes.tsv.gz,https://ftp.ncbi.nlm.nih.gov/geo/series/GSE288nnn/GSE288199/suppl/GSE288199_HN22_post_T_barcodes.tsv.gz,True
HN22,post,features,metadata,GSE288199_HN22_post_T_features.tsv.gz,https://ftp.ncbi.nlm.nih.gov/geo/series/GSE288nnn/GSE288199/suppl/GSE288199_HN22_post_T_features.tsv.gz,True
HN22,post,matrix,matrix,GSE288199_HN22_post_T_matrix.mtx.gz,https://ftp.ncbi.nlm.nih.gov/geo/series/GSE288nnn/GSE288199/suppl/GSE288199_HN22_post_T_matrix.mtx.gz,True
HN22,pre,barcodes,metadata,GSE288199_HN22_pre_T_barcodes.tsv.gz,https://ftp.ncbi.nlm.nih.gov/geo/series/GSE288nnn/GSE288199/suppl/GSE288199_HN22_pre_T_barcodes.tsv.gz,True
HN22,pre,features,metadata,GSE288199_HN22_pre_T_features.tsv.gz,https://ftp.ncbi.nlm.nih.gov/geo/series/GSE288nnn/GSE288199/suppl/GSE288199_HN22_pre_T_features.tsv.gz,True
HN22,pre,matrix,matrix,GSE288199_HN22_pre_T_matrix.mtx.gz,https://ftp.ncbi.nlm.nih.gov/geo/series/GSE288nnn/GSE288199/suppl/GSE288199_HN22_pre_T_matrix.mtx.gz,True
HN23,post,barcodes,metadata,GSE288199_HN23_post_T_barcodes.tsv.gz,https://ftp.ncbi.nlm.nih.gov/geo/series/GSE288nnn/GSE288199/suppl/GSE288199_HN23_post_T_barcodes.tsv.gz,True
HN23,post,features,metadata,GSE288199_HN23_post_T_features.tsv.gz,https://ftp.ncbi.nlm.nih.gov/geo/series/GSE288nnn/GSE288199/suppl/GSE288199_HN23_post_T_features.tsv.gz,True
HN23,post,matrix,matrix,GSE288199_HN23_post_T_matrix.mtx.gz,https://ftp.ncbi.nlm.nih.gov/geo/series/GSE288nnn/GSE288199/suppl/GSE288199_HN23_post_T_matrix.mtx.gz,True
HN23,pre,barcodes,metadata,GSE288199_HN23_pre_T_barcodes.tsv.gz,https://ftp.ncbi.nlm.nih.gov/geo/series/GSE288nnn/GSE288199/suppl/GSE288199_HN23_pre_T_barcodes.tsv.gz,True
HN23,pre,features,metadata,GSE288199_HN23_pre_T_features.tsv.gz,https://ftp.ncbi.nlm.nih.gov/geo/series/GSE288nnn/GSE288199/suppl/GSE288199_HN23_pre_T_features.tsv.gz,True
HN23,pre,matrix,matrix,GSE288199_HN23_pre_T_matrix.mtx.gz,https://ftp.ncbi.nlm.nih.gov/geo/series/GSE288nnn/GSE288199/suppl/GSE288199_HN23_pre_T_matrix.mtx.gz,True
HN24,post,barcodes,metadata,GSE288199_HN24_post_T_barcodes.tsv.gz,https://ftp.ncbi.nlm.nih.gov/geo/series/GSE288nnn/GSE288199/suppl/GSE288199_HN24_post_T_barcodes.tsv.gz,True
HN24,post,features,metadata,GSE288199_HN24_post_T_features.tsv.gz,https://ftp.ncbi.nlm.nih.gov/geo/series/GSE288nnn/GSE288199/suppl/GSE288199_HN24_post_T_features.tsv.gz,True
HN24,post,matrix,matrix,GSE288199_HN24_post_T_matrix.mtx.gz,https://ftp.ncbi.nlm.nih.gov/geo/series/GSE288nnn/GSE288199/suppl/GSE288199_HN24_post_T_matrix.mtx.gz,True
HN24,pre,barcodes,metadata,GSE288199_HN24_pre_T_barcodes.tsv.gz,https://ftp.ncbi.nlm.nih.gov/geo/series/GSE288nnn/GSE288199/suppl/GSE288199_HN24_pre_T_barcodes.tsv.gz,True
HN24,pre,features,metadata,GSE288199_HN24_pre_T_features.tsv.gz,https://ftp.ncbi.nlm.nih.gov/geo/series/GSE288nnn/GSE288199/suppl/GSE288199_HN24_pre_T_features.tsv.gz,True
HN24,pre,matrix,matrix,GSE288199_HN24_pre_T_matrix.mtx.gz,https://ftp.ncbi.nlm.nih.gov/geo/series/GSE288nnn/GSE288199/suppl/GSE288199_HN24_pre_T_matrix.mtx.gz,True
HN25,post,barcodes,metadata,GSE288199_HN25_post_T_barcodes.tsv.gz,https://ftp.ncbi.nlm.nih.gov/geo/series/GSE288nnn/GSE288199/suppl/GSE288199_HN25_post_T_barcodes.tsv.gz,True
HN25,post,features,metadata,GSE288199_HN25_post_T_features.tsv.gz,https://ftp.ncbi.nlm.nih.gov/geo/series/GSE288nnn/GSE288199/suppl/GSE288199_HN25_post_T_features.tsv.gz,True
HN25,post,matrix,matrix,GSE288199_HN25_post_T_matrix.mtx.gz,https://ftp.ncbi.nlm.nih.gov/geo/series/GSE288nnn/GSE288199/suppl/GSE288199_HN25_post_T_matrix.mtx.gz,True
HN25,pre,barcodes,metadata,GSE288199_HN25_pre_T_barcodes.tsv.gz,https://ftp.ncbi.nlm.nih.gov/geo/series/GSE288nnn/GSE288199/suppl/GSE288199_HN25_pre_T_barcodes.tsv.gz,True
HN25,pre,features,metadata,GSE288199_HN25_pre_T_features.tsv.gz,https://ftp.ncbi.nlm.nih.gov/geo/series/GSE288nnn/GSE288199/suppl/GSE288199_HN25_pre_T_features.tsv.gz,True
HN25,pre,matrix,matrix,GSE288199_HN25_pre_T_matrix.mtx.gz,https://ftp.ncbi.nlm.nih.gov/geo/series/GSE288nnn/GSE288199/suppl/GSE288199_HN25_pre_T_matrix.mtx.gz,True
HN26,post,barcodes,metadata,GSE288199_HN26_post_T_barcodes.tsv.gz,https://ftp.ncbi.nlm.nih.gov/geo/series/GSE288nnn/GSE288199/suppl/GSE288199_HN26_post_T_barcodes.tsv.gz,True
HN26,post,features,metadata,GSE288199_HN26_post_T_features.tsv.gz,https://ftp.ncbi.nlm.nih.gov/geo/series/GSE288nnn/GSE288199/suppl/GSE288199_HN26_post_T_features.tsv.gz,True
HN26,post,matrix,matrix,GSE288199_HN26_post_T_matrix.mtx.gz,https://ftp.ncbi.nlm.nih.gov/geo/series/GSE288nnn/GSE288199/suppl/GSE288199_HN26_post_T_matrix.mtx.gz,True
HN26,pre,barcodes,metadata,GSE288199_HN26_pre_T_barcodes.tsv.gz,https://ftp.ncbi.nlm.nih.gov/geo/series/GSE288nnn/GSE288199/suppl/GSE288199_HN26_pre_T_barcodes.tsv.gz,True
HN26,pre,features,metadata,GSE288199_HN26_pre_T_features.tsv.gz,https://ftp.ncbi.nlm.nih.gov/geo/series/GSE288nnn/GSE288199/suppl/GSE288199_HN26_pre_T_features.tsv.gz,True
HN26,pre,matrix,matrix,GSE288199_HN26_pre_T_matrix.mtx.gz,https://ftp.ncbi.nlm.nih.gov/geo/series/GSE288nnn/GSE288199/suppl/GSE288199_HN26_pre_T_matrix.mtx.gz,True
HN27,post,barcodes,metadata,GSE288199_HN27_post_T_barcodes.tsv.gz,https://ftp.ncbi.nlm.nih.gov/geo/series/GSE288nnn/GSE288199/suppl/GSE288199_HN27_post_T_barcodes.tsv.gz,True
HN27,post,features,metadata,GSE288199_HN27_post_T_features.tsv.gz,https://ftp.ncbi.nlm.nih.gov/geo/series/GSE288nnn/GSE288199/suppl/GSE288199_HN27_post_T_features.tsv.gz,True
HN27,post,matrix,matrix,GSE288199_HN27_post_T_matrix.mtx.gz,https://ftp.ncbi.nlm.nih.gov/geo/series/GSE288nnn/GSE288199/suppl/GSE288199_HN27_post_T_matrix.mtx.gz,True
HN27,pre,barcodes,metadata,GSE288199_HN27_pre_T_barcodes.tsv.gz,https://ftp.ncbi.nlm.nih.gov/geo/series/GSE288nnn/GSE288199/suppl/GSE288199_HN27_pre_T_barcodes.tsv.gz,True
HN27,pre,features,metadata,GSE288199_HN27_pre_T_features.tsv.gz,https://ftp.ncbi.nlm.nih.gov/geo/series/GSE288nnn/GSE288199/suppl/GSE288199_HN27_pre_T_features.tsv.gz,True
HN27,pre,matrix,matrix,GSE288199_HN27_pre_T_matrix.mtx.gz,https://ftp.ncbi.nlm.nih.gov/geo/series/GSE288nnn/GSE288199/suppl/GSE288199_HN27_pre_T_matrix.mtx.gz,True
HN28,post,barcodes,metadata,GSE288199_HN28_post_T_barcodes.tsv.gz,https://ftp.ncbi.nlm.nih.gov/geo/series/GSE288nnn/GSE288199/suppl/GSE288199_HN28_post_T_barcodes.tsv.gz,True
HN28,post,features,metadata,GSE288199_HN28_post_T_features.tsv.gz,https://ftp.ncbi.nlm.nih.gov/geo/series/GSE288nnn/GSE288199/suppl/GSE288199_HN28_post_T_features.tsv.gz,True
HN28,post,matrix,matrix,GSE288199_HN28_post_T_matrix.mtx.gz,https://ftp.ncbi.nlm.nih.gov/geo/series/GSE288nnn/GSE288199/suppl/GSE288199_HN28_post_T_matrix.mtx.gz,True
HN28,pre,barcodes,metadata,GSE288199_HN28_pre_T_barcodes.tsv.gz,https://ftp.ncbi.nlm.nih.gov/geo/series/GSE288nnn/GSE288199/suppl/GSE288199_HN28_pre_T_barcodes.tsv.gz,True
HN28,pre,features,metadata,GSE288199_HN28_pre_T_features.tsv.gz,https://ftp.ncbi.nlm.nih.gov/geo/series/GSE288nnn/GSE288199/suppl/GSE288199_HN28_pre_T_features.tsv.gz,True
HN28,pre,matrix,matrix,GSE288199_HN28_pre_T_matrix.mtx.gz,https://ftp.ncbi.nlm.nih.gov/geo/series/GSE288nnn/GSE288199/suppl/GSE288199_HN28_pre_T_matrix.mtx.gz,True
HN32,post,barcodes,metadata,GSE288199_HN32_post_T_barcodes.tsv.gz,https://ftp.ncbi.nlm.nih.gov/geo/series/GSE288nnn/GSE288199/suppl/GSE288199_HN32_post_T_barcodes.tsv.gz,True
HN32,post,features,metadata,GSE288199_HN32_post_T_features.tsv.gz,https://ftp.ncbi.nlm.nih.gov/geo/series/GSE288nnn/GSE288199/suppl/GSE288199_HN32_post_T_features.tsv.gz,True
HN32,post,matrix,matrix,GSE288199_HN32_post_T_matrix.mtx.gz,https://ftp.ncbi.nlm.nih.gov/geo/series/GSE288nnn/GSE288199/suppl/GSE288199_HN32_post_T_matrix.mtx.gz,True
HN32,pre,barcodes,metadata,GSE288199_HN32_pre_T_barcodes.tsv.gz,https://ftp.ncbi.nlm.nih.gov/geo/series/GSE288nnn/GSE288199/suppl/GSE288199_HN32_pre_T_barcodes.tsv.gz,True
HN32,pre,features,metadata,GSE288199_HN32_pre_T_features.tsv.gz,https://ftp.ncbi.nlm.nih.gov/geo/series/GSE288nnn/GSE288199/suppl/GSE288199_HN32_pre_T_features.tsv.gz,True
HN32,pre,matrix,matrix,GSE288199_HN32_pre_T_matrix.mtx.gz,https://ftp.ncbi.nlm.nih.gov/geo/series/GSE288nnn/GSE288199/suppl/GSE288199_HN32_pre_T_matrix.mtx.gz,True
HN33,post,barcodes,metadata,GSE288199_HN33_post_T_barcodes.tsv.gz,https://ftp.ncbi.nlm.nih.gov/geo/series/GSE288nnn/GSE288199/suppl/GSE288199_HN33_post_T_barcodes.tsv.gz,True
HN33,post,features,metadata,GSE288199_HN33_post_T_features.tsv.gz,https://ftp.ncbi.nlm.nih.gov/geo/series/GSE288nnn/GSE288199/suppl/GSE288199_HN33_post_T_features.tsv.gz,True
HN33,post,matrix,matrix,GSE288199_HN33_post_T_matrix.mtx.gz,https://ftp.ncbi.nlm.nih.gov/geo/series/GSE288nnn/GSE288199/suppl/GSE288199_HN33_post_T_matrix.mtx.gz,True
HN33,pre,barcodes,metadata,GSE288199_HN33_pre_T_barcodes.tsv.gz,https://ftp.ncbi.nlm.nih.gov/geo/series/GSE288nnn/GSE288199/suppl/GSE288199_HN33_pre_T_barcodes.tsv.gz,True
HN33,pre,features,metadata,GSE288199_HN33_pre_T_features.tsv.gz,https://ftp.ncbi.nlm.nih.gov/geo/series/GSE288nnn/GSE288199/suppl/GSE288199_HN33_pre_T_features.tsv.gz,True
HN33,pre,matrix,matrix,GSE288199_HN33_pre_T_matrix.mtx.gz,https://ftp.ncbi.nlm.nih.gov/geo/series/GSE288nnn/GSE288199/suppl/GSE288199_HN33_pre_T_matrix.mtx.gz,True
HN34,post,barcodes,metadata,GSE288199_HN34_post_T_barcodes.tsv.gz,https://ftp.ncbi.nlm.nih.gov/geo/series/GSE288nnn/GSE288199/suppl/GSE288199_HN34_post_T_barcodes.tsv.gz,True
HN34,post,features,metadata,GSE288199_HN34_post_T_features.tsv.gz,https://ftp.ncbi.nlm.nih.gov/geo/series/GSE288nnn/GSE288199/suppl/GSE288199_HN34_post_T_features.tsv.gz,True
HN34,post,matrix,matrix,GSE288199_HN34_post_T_matrix.mtx.gz,https://ftp.ncbi.nlm.nih.gov/geo/series/GSE288nnn/GSE288199/suppl/GSE288199_HN34_post_T_matrix.mtx.gz,True
HN34,pre,barcodes,metadata,GSE288199_HN34_pre_T_barcodes.tsv.gz,https://ftp.ncbi.nlm.nih.gov/geo/series/GSE288nnn/GSE288199/suppl/GSE288199_HN34_pre_T_barcodes.tsv.gz,True
HN34,pre,features,metadata,GSE288199_HN34_pre_T_features.tsv.gz,https://ftp.ncbi.nlm.nih.gov/geo/series/GSE288nnn/GSE288199/suppl/GSE288199_HN34_pre_T_features.tsv.gz,True
HN34,pre,matrix,matrix,GSE288199_HN34_pre_T_matrix.mtx.gz,https://ftp.ncbi.nlm.nih.gov/geo/series/GSE288nnn/GSE288199/suppl/GSE288199_HN34_pre_T_matrix.mtx.gz,True
HN35,post,barcodes,metadata,GSE288199_HN35_post_T_barcodes.tsv.gz,https://ftp.ncbi.nlm.nih.gov/geo/series/GSE288nnn/GSE288199/suppl/GSE288199_HN35_post_T_barcodes.tsv.gz,True
HN35,post,features,metadata,GSE288199_HN35_post_T_features.tsv.gz,https://ftp.ncbi.nlm.nih.gov/geo/series/GSE288nnn/GSE288199/suppl/GSE288199_HN35_post_T_features.tsv.gz,True
HN35,post,matrix,matrix,GSE288199_HN35_post_T_matrix.mtx.gz,https://ftp.ncbi.nlm.nih.gov/geo/series/GSE288nnn/GSE288199/suppl/GSE288199_HN35_post_T_matrix.mtx.gz,True
HN35,pre,barcodes,metadata,GSE288199_HN35_pre_T_barcodes.tsv.gz,https://ftp.ncbi.nlm.nih.gov/geo/series/GSE288nnn/GSE288199/suppl/GSE288199_HN35_pre_T_barcodes.tsv.gz,True
HN35,pre,features,metadata,GSE288199_HN35_pre_T_features.tsv.gz,https://ftp.ncbi.nlm.nih.gov/geo/series/GSE288nnn/GSE288199/suppl/GSE288199_HN35_pre_T_features.tsv.gz,True
HN35,pre,matrix,matrix,GSE288199_HN35_pre_T_matrix.mtx.gz,https://ftp.ncbi.nlm.nih.gov/geo/series/GSE288nnn/GSE288199/suppl/GSE288199_HN35_pre_T_matrix.mtx.gz,True
