signature,target_lineage,source,n_genes_defined,n_genes_present_in_GSE123813_BCC_counts,genes_defined
T_DE_FDR05_positive,T_cell,"OSCC T-cell dynamic DE, positive log2FC, FDR < 0.05",14,14,FOS;RHOB;JUN;FOSB;UBE2S;GADD45G;SERTAD1;CRTAM;TRBV10-3;TRBV13;GADD45A;CHI3L2;DUSP1;EGR1
M_DE_FDR10_positive,Myeloid,"OSCC myeloid dynamic DE, positive log2FC, FDR < 0.10",3,3,CD9;CD1A;GADD45G
M_DE_nominal_top30_positive,Myeloid,"OSCC myeloid dynamic DE, positive log2FC, nominal P < 0.01, top 30",30,30,CD9;CD1A;GADD45G;GEM;TREM2;OLFML3;IL22RA2;CD63;CTSC;LGMN;GPR82;SUCNR1;IFI6;P2RY11;CXCL1;CTSA;MMP12;CD276;GPNMB;BCAP31;IFIT2;DNASE2;IGSF6;GAL3ST4;C3;SGK1;MMP14;SERPINE1;LTB;ID1
T_LE_TNFA_SIGNALING_VIA_NFKB,T_cell,OSCC T-cell Hallmark leading edge: HALLMARK_TNFA_SIGNALING_VIA_NFKB,60,60,FOS;RHOB;JUN;FOSB;GADD45A;DUSP1;EGR1;GEM;CD69;IER5;DUSP2;PPP1R15A;IER2;KLF4;NFKBIE;CSF1;NR4A1;DNAJB4;ICAM1;HES1;GADD45B;BTG2;DUSP4;KLF6;FOSL1;TRIB1;SDC4;TSC22D1;NFKB1;EGR2;CCNL1;IER3;TRIP10;IL1A;TNFRSF9;BCL3;DUSP5;ATF3;ID2;MAFF;CD83;PHLDA2;ZFP36;LIF;CXCL2;YRDC;TRAF1;TIPARP;TUBB2A;SLC2A6;REL;SGK1;TNFAIP3;JUNB;MAP2K3;NAMPT;ZC3H12A;EGR3;SIK1;PLK2
T_LE_MTORC1_SIGNALING,T_cell,OSCC T-cell Hallmark leading edge: HALLMARK_MTORC1_SIGNALING,69,69,IFRD1;PPP1R15A;SERPINH1;HMGCS1;BTG2;TFRC;DDIT4;HSPA5;CTSC;CD9;GLA;DDIT3;SKAP2;RAB1A;TBK1;CALR;SLC1A5;SLC2A1;HMBS;NUFIP1;GSK3B;MAP2K3;NAMPT;CORO1A;HSPA4;SORD;SLC6A6;PIK3R3;HSPE1;SQLE;SLC7A11;CACYBP;GCLC;LDLR;AURKA;HMGCR;MCM2;PSAT1;HSPA9;CXCR4;PSMC2;DHFR;PSMC6;PSMD14;DDX39A;RRP9;CDKN1A;PSMD12;CYB5B;RPN1;ENO1;CDC25A;SQSTM1;SLA;ASNS;IFI30;P4HA1;GTF2H1;GPI;PSMC4;IMMT;ABCF2;TPI1;BUB1;PRDX1;HSP90B1;STIP1;ITGB2;GMPS
T_LE_P53_PATHWAY,T_cell,OSCC T-cell Hallmark leading edge: HALLMARK_P53_PATHWAY,38,38,FOS;JUN;GADD45A;TSPYL2;IER5;PPP1R15A;KLF4;CEBPA;CD82;BTG2;HEXIM1;SOCS1;DDIT4;RGS16;TSC22D1;IER3;PLK3;IL1A;DDIT3;CD81;ATF3;HRAS;CSRNP2;RRAD;LIF;BAIAP2;ABAT;SFN;CTSD;CCND2;RALGDS;PLK2;SLC7A11;PDGFA;VDR;NOL8;CDK5R1;TCN2
T_LE_INTERFERON_ALPHA_RESPONSE,T_cell,OSCC T-cell Hallmark leading edge: HALLMARK_INTERFERON_ALPHA_RESPONSE,36,36,CSF1;PARP9;IFI44L;IFI27;OASL;BST2;EIF2AK2;IFI44;USP18;HERC6;HLA-C;LAP3;IFI35;CMPK2;MX1;LGALS3BP;RSAD2;IRF9;EPSTI1;DDX60;PSME2;UBA7;DHX58;LY6E;IRF1;TRIM25;OAS1;SAMD9L;STAT2;LAMP3;IFIH1;IFIT3;TRIM5;IFI30;RNF31;RTP4
T_LE_INTERFERON_GAMMA_RESPONSE,T_cell,OSCC T-cell Hallmark leading edge: HALLMARK_INTERFERON_GAMMA_RESPONSE,47,47,CD69;ICAM1;SOCS1;XAF1;IFI44L;HLA-DMA;HLA-DQA1;XCL1;IFI27;NFKB1;OASL;BST2;HLA-A;EIF2AK2;IFI44;IFIT1;KLRK1;USP18;HERC6;PTPN6;VCAM1;LAP3;TNFAIP3;NAMPT;IL2RB;ST8SIA4;IFI35;CMPK2;MX1;LGALS3BP;RSAD2;IRF9;EPSTI1;PFKP;ST3GAL5;DDX60;PSME2;LCP2;DHX58;OAS2;CD274;LY6E;IRF1;CDKN1A;HLA-DRB1;TRIM25;SAMD9L
T_LE_union_core,T_cell,Union of selected OSCC T-cell Hallmark leading-edge genes,198,198,FOS;RHOB;JUN;FOSB;GADD45A;DUSP1;EGR1;GEM;CD69;IER5;DUSP2;PPP1R15A;IER2;KLF4;NFKBIE;CSF1;NR4A1;DNAJB4;ICAM1;HES1;GADD45B;BTG2;DUSP4;KLF6;FOSL1;TRIB1;SDC4;TSC22D1;NFKB1;EGR2;CCNL1;IER3;TRIP10;IL1A;TNFRSF9;BCL3;DUSP5;ATF3;ID2;MAFF;CD83;PHLDA2;ZFP36;LIF;CXCL2;YRDC;TRAF1;TIPARP;TUBB2A;SLC2A6;REL;SGK1;TNFAIP3;JUNB;MAP2K3;NAMPT;ZC3H12A;EGR3;SIK1;PLK2;IFRD1;SERPINH1;HMGCS1;TFRC;DDIT4;HSPA5;CTSC;CD9;GLA;DDIT3;SKAP2;RAB1A;TBK1;CALR;SLC1A5;SLC2A1;HMBS;NUFIP1;GSK3B;CORO1A;HSPA4;SORD;SLC6A6;PIK3R3;HSPE1;SQLE;SLC7A11;CACYBP;GCLC;LDLR;AURKA;HMGCR;MCM2;PSAT1;HSPA9;CXCR4;PSMC2;DHFR;PSMC6;PSMD14;DDX39A;RRP9;CDKN1A;PSMD12;CYB5B;RPN1;ENO1;CDC25A;SQSTM1;SLA;ASNS;IFI30;P4HA1;GTF2H1;GPI;PSMC4;IMMT;ABCF2;TPI1;BUB1;PRDX1;HSP90B1;STIP1;ITGB2;GMPS;TSPYL2;CEBPA;CD82;HEXIM1;SOCS1;RGS16;PLK3;CD81;HRAS;CSRNP2;RRAD;BAIAP2;ABAT;SFN;CTSD;CCND2;RALGDS;PDGFA;VDR;NOL8;CDK5R1;TCN2;PARP9;IFI44L;IFI27;OASL;BST2;EIF2AK2;IFI44;USP18;HERC6;HLA-C;LAP3;IFI35;CMPK2;MX1;LGALS3BP;RSAD2;IRF9;EPSTI1;DDX60;PSME2;UBA7;DHX58;LY6E;IRF1;TRIM25;OAS1;SAMD9L;STAT2;LAMP3;IFIH1;IFIT3;TRIM5;RNF31;RTP4;XAF1;HLA-DMA;HLA-DQA1;XCL1;HLA-A;IFIT1;KLRK1;PTPN6;VCAM1;IL2RB;ST8SIA4;PFKP;ST3GAL5;LCP2;OAS2;CD274;HLA-DRB1
M_LE_MTORC1_SIGNALING,Myeloid,OSCC myeloid Hallmark leading edge: HALLMARK_MTORC1_SIGNALING,87,86,CD9;CTSC;LGMN;SLC2A3;HSPA5;EBP;SCD;PNP;RAB1A;CALR;IDH1;HSP90B1;M6PR;NUPR1;PRDX1;DHCR7;PSMA3;SLC1A4;GLA;TOMM40;RPN1;PSMD12;GCLC;BUB1;RIT1;CYB5B;CXCR4;CYP51A1;RDH11;DHCR24;SLC37A4;GPI;CANX;SHMT2;PPP1R15A;PSMC6;TFRC;DDX39A;ITGB2;PGK1;UCHL5;P4HA1;PSME3;GBE1;PSMG1;RRP9;IFI30;PSMC2;PSMD14;SQSTM1;ASNS;SERPINH1;PSMA4;HSPA9;GGA2;SC5D;SSR1;AURKA;IFRD1;ERO1A;NIBAN1;ENO1;STARD4;IMMT;ARPC5L;SLC1A5;PPIA;ATP2A2;AK4;RRM2;PFKL;GOT1;PSMC4;EGLN3;PSMD13;HMGCS1;TXNRD1;TPI1;PNO1;IDI1;BCAT1;MAP2K3;NUFIP1;VLDLR;TUBG1;EEF1E1;HPRT1
M_LE_INTERFERON_GAMMA_RESPONSE,Myeloid,OSCC myeloid Hallmark leading edge: HALLMARK_INTERFERON_GAMMA_RESPONSE,79,79,IFIT2;IFI27;OASL;CCL2;CD86;MX1;LGALS3BP;ITGB7;LCP2;PNP;PNPT1;IFI44L;TOR1B;USP18;EIF2AK2;IFIT1;PSMA3;CMPK2;CD69;CCL5;IFIT3;LY6E;HLA-DRB1;HLA-A;PTPN6;IFI35;CD40;IFI44;ICAM1;BST2;RSAD2;GZMA;HLA-DQA1;SERPING1;IL6;OAS2;PFKP;CXCL10;SLAMF7;SPPL2A;XAF1;HERC6;IFI30;CCL7;NFKB1;STAT1;B2M;HIF1A;IL18BP;IFIH1;PSMB2;OAS3;DHX58;ISG15;TNFSF10;PLSCR1;SAMD9L;HLA-DMA;EPSTI1;SOCS1;IRF4;HLA-B;DDX60;LAP3;CXCL9;TRIM14;CD74;FCGR1A;IFNAR2;NFKBIA;TNFAIP3;NUP93;VAMP8;CFH;CD38;UPP1;IRF7;SP110;CXCL11
M_LE_TNFA_SIGNALING_VIA_NFKB,Myeloid,OSCC myeloid Hallmark leading edge: HALLMARK_TNFA_SIGNALING_VIA_NFKB,68,68,GEM;CXCL1;IFIT2;SGK1;SERPINE1;SLC2A3;CXCL6;YRDC;CCL4;CCL2;PLAUR;IL1B;OLR1;CSF1;TNF;TNFSF9;DNAJB4;NFKBIE;CD80;IL1A;TSC22D1;CEBPB;CD69;CCL5;PLAU;PLEK;ABCA1;CCND1;GADD45B;PPP1R15A;PHLDA1;JAG1;ICAM1;RCAN1;GPR183;JUN;IL6;TRAF1;IER5;CXCL10;SPSB1;CCL20;CD44;CD83;BCL2A1;DUSP2;NFKB1;SPHK1;SDC4;LITAF;IFIH1;REL;CXCL3;SQSTM1;IL7R;NINJ1;RHOB;PHLDA2;DUSP5;PLK2;ZC3H12A;TNFRSF9;CSF2;IL18;CEBPD;ID2;EFNA1;BTG3
M_LE_INTERFERON_ALPHA_RESPONSE,Myeloid,OSCC myeloid Hallmark leading edge: HALLMARK_INTERFERON_ALPHA_RESPONSE,42,42,IFIT2;IFI27;OASL;PROCR;CSF1;MX1;LGALS3BP;PNPT1;IFI44L;USP18;EIF2AK2;PSMA3;CMPK2;IFIT3;LY6E;GMPR;IFI35;IFI44;BST2;RSAD2;IFITM1;PARP9;CXCL10;TRIM5;HERC6;IFI30;B2M;IFIH1;DHX58;OAS1;CD47;ISG15;PLSCR1;SAMD9L;EPSTI1;CNP;DDX60;LAP3;TRIM14;HLA-C;CD74;NCOA7
M_LE_INFLAMMATORY_RESPONSE,Myeloid,OSCC myeloid Hallmark leading edge: HALLMARK_INFLAMMATORY_RESPONSE,71,71,MMP14;SERPINE1;RGS1;CXCL6;CD82;C3AR1;CLEC5A;RGS16;AXL;CCL2;PDPN;PLAUR;IL1B;OLR1;SLC31A1;CSF1;LCP2;TNFSF9;P2RX4;TLR3;NLRP3;EIF2AK2;IL1A;CXCL8;CD69;CCL5;LY6E;ABCA1;ITGB3;CCL24;CD40;SCARF1;ICAM1;BST2;TLR1;IFITM1;ATP2C1;GPR183;IL6;CSF3;SLC11A2;CXCL10;CD14;CCL20;CCL22;CYBB;CCL7;NFKB1;SPHK1;HIF1A;LTA;LYN;IRAK2;IL7R;GNAI3;GNA15;PTAFR;TNFSF10;MSR1;TNFRSF9;IL18;ITGB8;SLC31A2;ADM;ITGA5;CXCL9;HAS2;NFKBIA;AQP9;TIMP1;ICOSLG
M_LE_COMPLEMENT,Myeloid,OSCC myeloid Hallmark leading edge: HALLMARK_COMPLEMENT,53,53,CTSC;LGMN;CXCL1;MMP12;C3;MMP14;SERPINE1;LIPA;CTSD;C1QC;HSPA5;LAMP2;ANXA5;PLAUR;OLR1;LCP2;C1QA;CTSH;CTSL;CTSB;LGALS3;PLA2G7;GNGT2;CD36;CEBPB;CCL5;CASP5;PLEK;GNB4;DOCK10;FCER1G;GZMB;CD59;GZMA;SERPING1;IL6;ADAM9;DOCK4;SIRT6;FDX1;CTSV;LYN;CALM1;MMP8;C2;CPM;PHEX;GNAI3;CA2;STX4;GRB2;DUSP5;PLSCR1
M_LE_union_core,Myeloid,Union of selected OSCC myeloid Hallmark leading-edge genes,301,300,CD9;CTSC;LGMN;SLC2A3;HSPA5;EBP;SCD;PNP;RAB1A;CALR;IDH1;HSP90B1;M6PR;NUPR1;PRDX1;DHCR7;PSMA3;SLC1A4;GLA;TOMM40;RPN1;PSMD12;GCLC;BUB1;RIT1;CYB5B;CXCR4;CYP51A1;RDH11;DHCR24;SLC37A4;GPI;CANX;SHMT2;PPP1R15A;PSMC6;TFRC;DDX39A;ITGB2;PGK1;UCHL5;P4HA1;PSME3;GBE1;PSMG1;RRP9;IFI30;PSMC2;PSMD14;SQSTM1;ASNS;SERPINH1;PSMA4;HSPA9;GGA2;SC5D;SSR1;AURKA;IFRD1;ERO1A;NIBAN1;ENO1;STARD4;IMMT;ARPC5L;SLC1A5;PPIA;ATP2A2;AK4;RRM2;PFKL;GOT1;PSMC4;EGLN3;PSMD13;HMGCS1;TXNRD1;TPI1;PNO1;IDI1;BCAT1;MAP2K3;NUFIP1;VLDLR;TUBG1;EEF1E1;HPRT1;IFIT2;IFI27;OASL;CCL2;CD86;MX1;LGALS3BP;ITGB7;LCP2;PNPT1;IFI44L;TOR1B;USP18;EIF2AK2;IFIT1;CMPK2;CD69;CCL5;IFIT3;LY6E;HLA-DRB1;HLA-A;PTPN6;IFI35;CD40;IFI44;ICAM1;BST2;RSAD2;GZMA;HLA-DQA1;SERPING1;IL6;OAS2;PFKP;CXCL10;SLAMF7;SPPL2A;XAF1;HERC6;CCL7;NFKB1;STAT1;B2M;HIF1A;IL18BP;IFIH1;PSMB2;OAS3;DHX58;ISG15;TNFSF10;PLSCR1;SAMD9L;HLA-DMA;EPSTI1;SOCS1;IRF4;HLA-B;DDX60;LAP3;CXCL9;TRIM14;CD74;FCGR1A;IFNAR2;NFKBIA;TNFAIP3;NUP93;VAMP8;CFH;CD38;UPP1;IRF7;SP110;CXCL11;GEM;CXCL1;SGK1;SERPINE1;CXCL6;YRDC;CCL4;PLAUR;IL1B;OLR1;CSF1;TNF;TNFSF9;DNAJB4;NFKBIE;CD80;IL1A;TSC22D1;CEBPB;PLAU;PLEK;ABCA1;CCND1;GADD45B;PHLDA1;JAG1;RCAN1;GPR183;JUN;TRAF1;IER5;SPSB1;CCL20;CD44;CD83;BCL2A1;DUSP2;SPHK1;SDC4;LITAF;REL;CXCL3;IL7R;NINJ1;RHOB;PHLDA2;DUSP5;PLK2;ZC3H12A;TNFRSF9;CSF2;IL18;CEBPD;ID2;EFNA1;BTG3;PROCR;GMPR;IFITM1;PARP9;TRIM5;OAS1;CD47;CNP;HLA-C;NCOA7;MMP14;RGS1;CD82;C3AR1;CLEC5A;RGS16;AXL;PDPN;SLC31A1;P2RX4;TLR3;NLRP3;CXCL8;ITGB3;CCL24;SCARF1;TLR1;ATP2C1;CSF3;SLC11A2;CD14;CCL22;CYBB;LTA;LYN;IRAK2;GNAI3;GNA15;PTAFR;MSR1;ITGB8;SLC31A2;ADM;ITGA5;HAS2;AQP9;TIMP1;ICOSLG;MMP12;C3;LIPA;CTSD;C1QC;LAMP2;ANXA5;C1QA;CTSH;CTSL;CTSB;LGALS3;PLA2G7;GNGT2;CD36;CASP5;GNB4;DOCK10;FCER1G;GZMB;CD59;ADAM9;DOCK4;SIRT6;FDX1;CTSV;CALM1;MMP8;C2;CPM;PHEX;CA2;STX4;GRB2
